,Type_of_Crime,Charges_Filed,Time_Served_Days,Prior_Criminal_History,Risk_of_Flight_Score,Influence_on_Trial,Bail_Decision,Socio_Economic_Background
0,Violent,IPC 420,2549,1,0.6394267984578837,nit,Granted,Middle
1,Non-violent,IPC 302,2188,0,0.0250107552226669,Low,Rejected,Upper
2,Violent,Economic Offences Act,111,1,0.2750293183691192,High,Granted,Upper
3,Cyber,IPC 420,1614,0,0.2232107381488227,High,Granted,Lower
4,Violent,Narcotic Drugs Act,2425,1,0.7364712141640124,High,Rejected,Lower
5,White-collar,IPC 307,2312,0,0.6766994874229113,Moderate,Granted,Upper
6,Non-violent,Economic Offences Act,2716,0,0.8921795677048454,Moderate,Granted,Middle
7,Cyber,IPC 376,112,0,0.0869388326294161,Moderate,Rejected,Middle
8,White-collar,Economic Offences Act,344,1,0.4219218196852704,Low,Granted,Lower
9,Economic,Narcotic Drugs Act,2633,1,0.0297972194380703,nit,Rejected,Lower
10,Drug-related,Economic Offences Act,1756,0,0.2186379748036033,High,Rejected,Lower
11,White-collar,Economic Offences Act,556,0,0.5053552881033624,Moderate,Granted,Upper
12,Economic,Narcotic Drugs Act,3551,1,0.0265359696838636,nit,Rejected,Middle
13,Cyber,Narcotic Drugs Act,1892,0,0.1988376506866485,High,Rejected,Upper
14,Cyber,Cyber Crimes Act,745,0,0.6498844377795232,nit,Granted,Upper
15,Cyber,Cyber Crimes Act,206,0,0.5449414806032167,High,Rejected,Middle
16,Non-violent,Narcotic Drugs Act,1066,1,0.2204406220406967,nit,Granted,Upper
17,Cyber,IPC 302,1553,1,0.5892656838759087,Moderate,Granted,Lower
18,Drug-related,Narcotic Drugs Act,1341,0,0.8094304566778266,nit,Rejected,Upper
19,Non-violent,Cyber Crimes Act,867,1,0.006498759678061,nit,Rejected,Upper
20,Cyber,Economic Offences Act,1863,0,0.8058192518328079,High,Granted,Middle
21,Non-violent,Cyber Crimes Act,1339,1,0.6981393949882269,nit,Granted,Upper
22,Drug-related,IPC 420,1383,0,0.3402505165179919,Low,Rejected,Upper
23,Drug-related,IPC 302,3118,0,0.1554794998117815,High,Rejected,Lower
24,White-collar,IPC 307,3604,1,0.9572130722067812,nit,Granted,Upper
25,Non-violent,IPC 420,1553,0,0.3365945451126267,Low,Rejected,Lower
26,Violent,Cyber Crimes Act,1140,0,0.0927458433801479,High,Granted,Middle
27,Economic,Economic Offences Act,3081,1,0.096716376833464,Moderate,Rejected,Upper
28,Cyber,IPC 420,3408,1,0.8474943663474598,High,Granted,Middle
29,Economic,IPC 420,1727,0,0.6037260313668911,High,Granted,Lower
30,Drug-related,IPC 420,1034,1,0.8071282732743802,nit,Rejected,Middle
31,Economic,IPC 302,3420,1,0.7297317866938179,Low,Rejected,Lower
32,Violent,IPC 307,336,1,0.5362280914547007,High,Rejected,Lower
33,Economic,Economic Offences Act,1927,0,0.9731157639793706,High,Rejected,Lower
34,White-collar,IPC 307,80,1,0.3785343772083535,High,Rejected,Lower
35,Economic,Narcotic Drugs Act,3069,0,0.552040631273227,nit,Rejected,Upper
36,Drug-related,Cyber Crimes Act,2210,1,0.8294046642529949,High,Rejected,Lower
37,Drug-related,IPC 376,214,0,0.6185197523642461,Low,Granted,Lower
38,White-collar,IPC 302,1434,0,0.8617069003107772,nit,Granted,Upper
39,Cyber,IPC 307,919,1,0.577352145256762,Moderate,Granted,Middle
40,Non-violent,Cyber Crimes Act,2663,0,0.7045718362149235,Moderate,Granted,Lower
41,Cyber,Cyber Crimes Act,282,0,0.0458243836556622,nit,Rejected,Middle
42,Drug-related,IPC 302,3200,1,0.2278982756515468,Low,Granted,Upper
43,Cyber,IPC 302,2670,1,0.2893879636021071,nit,Rejected,Lower
44,Economic,Cyber Crimes Act,165,0,0.0797919769236275,nit,Granted,Lower
45,Economic,Narcotic Drugs Act,3090,1,0.2327908863610301,nit,Rejected,Middle
46,Drug-related,IPC 307,128,1,0.1010014294097291,nit,Granted,Upper
47,Drug-related,IPC 376,1013,0,0.2779736031100921,High,Rejected,Lower
48,Cyber,IPC 376,817,0,0.6356844442644002,Moderate,Rejected,Middle
49,Cyber,IPC 376,3438,0,0.3648321789700842,Low,Granted,Lower
50,Economic,IPC 420,84,1,0.3701809671168826,High,Granted,Lower
51,Non-violent,IPC 307,2545,0,0.2095070307714877,Moderate,Rejected,Lower
52,White-collar,IPC 420,625,1,0.2669778220491133,nit,Rejected,Upper
53,Non-violent,IPC 420,978,0,0.936654587712494,Moderate,Granted,Upper
54,Drug-related,Cyber Crimes Act,518,0,0.6480353852465935,Moderate,Rejected,Lower
55,Cyber,IPC 420,1940,0,0.6091310056669882,High,Granted,Lower
56,Non-violent,Economic Offences Act,2743,0,0.171138648198097,High,Rejected,Upper
57,Cyber,Narcotic Drugs Act,469,1,0.7291267979503492,Low,Granted,Middle
58,Violent,Narcotic Drugs Act,2311,1,0.1634024937619284,nit,Granted,Lower
59,Economic,IPC 302,893,1,0.3794554417576478,nit,Rejected,Middle
60,White-collar,IPC 302,1905,1,0.9895233506365952,nit,Granted,Upper
61,Cyber,IPC 307,2866,1,0.6399997598540929,Moderate,Rejected,Upper
62,White-collar,IPC 307,1050,0,0.5569497437746462,Moderate,Rejected,Middle
63,Cyber,Economic Offences Act,3142,0,0.6846142509898746,nit,Rejected,Upper
64,Cyber,Narcotic Drugs Act,1511,1,0.8428519201898096,Low,Granted,Lower
65,White-collar,IPC 302,688,1,0.7759999115462448,Moderate,Rejected,Middle
66,White-collar,Cyber Crimes Act,2482,0,0.2290480719641043,Low,Granted,Middle
67,Non-violent,IPC 302,2488,1,0.0321002439040377,Moderate,Granted,Middle
68,Cyber,IPC 420,3064,1,0.3154530480590819,High,Granted,Lower
69,Violent,IPC 376,2943,0,0.2677408759757027,High,Rejected,Lower
70,Non-violent,Cyber Crimes Act,470,1,0.2109828435863264,nit,Rejected,Upper
71,Drug-related,IPC 376,3186,1,0.9429097143350544,High,Granted,Middle
72,Drug-related,IPC 376,3356,1,0.8763676264726689,Moderate,Granted,Upper
73,Economic,Narcotic Drugs Act,671,1,0.3146778807984779,Moderate,Granted,Middle
74,Violent,IPC 376,1275,1,0.65543866529488,High,Granted,Upper
75,Cyber,IPC 376,443,1,0.3956319010606642,High,Granted,Middle
76,Violent,IPC 420,2371,0,0.9145475897405436,High,Rejected,Lower
77,Drug-related,IPC 307,106,1,0.4588518525873988,nit,Rejected,Upper
78,Cyber,Economic Offences Act,1278,1,0.2648801664980524,High,Granted,Upper
79,Violent,Narcotic Drugs Act,2359,1,0.2466275076939834,Moderate,Rejected,Upper
80,White-collar,IPC 302,2775,1,0.5613681341631508,High,Rejected,Upper
81,Non-violent,IPC 420,1538,0,0.2627416085229352,nit,Rejected,Middle
82,Cyber,IPC 376,1625,1,0.5845859902235405,nit,Rejected,Lower
83,White-collar,IPC 302,2929,0,0.897822883602477,Moderate,Granted,Upper
84,Non-violent,IPC 420,813,1,0.3994005051403972,Moderate,Granted,Upper
85,Violent,Cyber Crimes Act,312,0,0.2193207591572833,High,Rejected,Lower
86,Cyber,Cyber Crimes Act,2426,1,0.9975376064951104,Moderate,Granted,Middle
87,Economic,Narcotic Drugs Act,2829,1,0.5095262936764645,Low,Rejected,Middle
88,Economic,IPC 376,3403,0,0.0909094121737938,Moderate,Granted,Upper
89,Drug-related,Narcotic Drugs Act,2570,0,0.0471163754247345,Low,Granted,Upper
90,White-collar,Cyber Crimes Act,995,1,0.1096491303506591,Low,Granted,Middle
91,Cyber,IPC 420,418,1,0.62744604170309,Moderate,Granted,Lower
92,White-collar,IPC 302,2856,1,0.7920793643629641,Low,Rejected,Lower
93,Violent,IPC 307,3165,1,0.422159966799684,Moderate,Granted,Upper
94,Economic,IPC 376,1236,1,0.0635277061519571,Moderate,Rejected,Lower
95,White-collar,Narcotic Drugs Act,3483,0,0.3816192865065367,nit,Rejected,Upper
96,Drug-related,IPC 302,2803,1,0.9961213802400968,Low,Granted,Upper
97,Cyber,IPC 302,2460,1,0.529114345099137,Low,Rejected,Middle
98,Economic,IPC 307,3300,1,0.971078377613618,High,Rejected,Upper
99,White-collar,IPC 420,496,0,0.8607797022344981,Moderate,Rejected,Lower
100,White-collar,IPC 307,3262,1,0.0114810219428196,nit,Rejected,Lower
101,Cyber,Economic Offences Act,2319,1,0.7207218193601946,nit,Granted,Upper
102,Drug-related,IPC 307,3206,1,0.6817103690265748,High,Granted,Middle
103,Violent,Economic Offences Act,169,0,0.5369703304087952,Low,Rejected,Upper
104,Drug-related,IPC 420,1423,0,0.2668251899525428,nit,Rejected,Lower
105,Violent,IPC 420,2183,1,0.6409617985798081,Low,Rejected,Upper
106,Non-violent,IPC 420,1755,1,0.1115521735958764,nit,Rejected,Upper
107,White-collar,IPC 302,2710,0,0.434765250669105,nit,Rejected,Lower
108,White-collar,IPC 302,1518,0,0.4537237063292064,Moderate,Rejected,Middle
109,Economic,IPC 376,283,0,0.95381592752108,Low,Granted,Lower
110,Non-violent,Cyber Crimes Act,2073,1,0.8758529403781941,nit,Granted,Middle
111,White-collar,IPC 376,2653,0,0.2633890507510907,Moderate,Rejected,Upper
112,Violent,IPC 307,1398,0,0.5005861130502983,nit,Rejected,Lower
113,Cyber,IPC 307,52,0,0.1786518805301313,Moderate,Granted,Lower
114,Violent,IPC 376,3480,0,0.9126278393448204,Moderate,Rejected,Middle
115,White-collar,Narcotic Drugs Act,1721,1,0.8705185698367669,Low,Granted,Middle
116,White-collar,Cyber Crimes Act,3369,1,0.2984447914486329,Moderate,Rejected,Lower
117,Violent,IPC 307,2008,1,0.6389494948660052,nit,Granted,Upper
118,Cyber,Narcotic Drugs Act,433,0,0.6089702114381723,High,Rejected,Lower
119,Non-violent,Narcotic Drugs Act,1776,0,0.1528392685496348,nit,Rejected,Upper
120,White-collar,Economic Offences Act,1484,1,0.7625108000751513,nit,Rejected,Upper
121,Economic,Cyber Crimes Act,2604,1,0.5393790301196257,Moderate,Rejected,Upper
122,Violent,Economic Offences Act,3395,1,0.7786264786305582,nit,Rejected,Upper
123,Violent,IPC 420,1884,1,0.5303536721951775,Moderate,Granted,Middle
124,Economic,IPC 302,2898,0,0.0005718961279435,Low,Rejected,Middle
125,Violent,IPC 376,627,0,0.3241560570046731,Moderate,Rejected,Lower
126,Economic,Economic Offences Act,1784,1,0.0194767423858323,Low,Granted,Middle
127,Economic,Cyber Crimes Act,722,1,0.9290986162646172,High,Granted,Lower
128,Economic,IPC 302,3006,1,0.8787218778231842,nit,Granted,Lower
129,Cyber,IPC 376,2138,1,0.8316655293611794,Low,Rejected,Upper
130,Non-violent,IPC 302,2665,0,0.3075141254026614,High,Granted,Lower
131,Non-violent,IPC 376,1107,0,0.0579251664941875,Moderate,Granted,Middle
132,Drug-related,IPC 302,2523,0,0.8780095992040405,High,Granted,Middle
133,Cyber,Economic Offences Act,3311,0,0.946949445297994,Low,Rejected,Lower
134,Drug-related,IPC 420,2205,1,0.0856534520678787,nit,Rejected,Upper
135,White-collar,Narcotic Drugs Act,3173,1,0.4859904633166138,High,Granted,Lower
136,Non-violent,IPC 376,1981,0,0.0692125184683836,High,Rejected,Lower
137,Non-violent,Narcotic Drugs Act,1905,1,0.7606021652572316,Moderate,Granted,Middle
138,Non-violent,IPC 376,1785,1,0.7658344293069878,Moderate,Granted,Middle
139,Violent,Cyber Crimes Act,3383,1,0.1283914644997628,nit,Rejected,Upper
140,Drug-related,Cyber Crimes Act,2995,0,0.4752823780987313,Moderate,Granted,Middle
141,Cyber,IPC 376,2427,1,0.5498035934949439,Low,Rejected,Lower
142,Drug-related,IPC 420,1100,1,0.2650566289400591,Low,Granted,Middle
143,White-collar,IPC 302,1321,0,0.8724330410852574,High,Rejected,Middle
144,Non-violent,IPC 376,3489,0,0.4231379402008869,Moderate,Rejected,Middle
145,Cyber,IPC 302,1006,0,0.211798205442082,Moderate,Granted,Middle
146,Drug-related,IPC 420,3403,0,0.5392960887794583,High,Rejected,Upper
147,Non-violent,IPC 307,355,1,0.7299310690899762,nit,Granted,Middle
148,Non-violent,Economic Offences Act,1143,0,0.2011510633896959,Moderate,Granted,Lower
149,Cyber,Narcotic Drugs Act,3612,1,0.3117162913008949,Moderate,Rejected,Middle
150,White-collar,IPC 376,1847,0,0.9951493566608948,nit,Rejected,Upper
151,Economic,Economic Offences Act,999,1,0.6498780576394535,Moderate,Granted,Upper
152,Cyber,Cyber Crimes Act,3074,1,0.438100083914504,Low,Rejected,Upper
153,Economic,IPC 420,1904,0,0.5175758410355906,Low,Granted,Lower
154,White-collar,IPC 302,2335,1,0.1210041958682657,nit,Granted,Lower
155,Violent,IPC 376,2500,1,0.2246973370315573,nit,Granted,Middle
156,Cyber,Economic Offences Act,2737,0,0.3380855621474553,Low,Granted,Lower
157,Economic,IPC 302,1553,0,0.5883087184572333,Low,Rejected,Lower
158,White-collar,IPC 307,1378,1,0.230114732596577,Low,Granted,Middle
159,Drug-related,IPC 376,118,0,0.2202173844515594,Low,Granted,Lower
160,Non-violent,Narcotic Drugs Act,2025,0,0.0709930860090325,nit,Granted,Middle
161,Violent,IPC 376,3486,0,0.6311029572700989,nit,Rejected,Middle
162,Cyber,Narcotic Drugs Act,1332,0,0.2289417838111543,High,Granted,Lower
163,Economic,IPC 302,745,0,0.905420013006128,nit,Granted,Lower
164,Drug-related,IPC 376,1998,1,0.8596354002537465,Low,Rejected,Middle
165,Economic,Economic Offences Act,869,0,0.0708573498886534,Moderate,Granted,Lower
166,White-collar,IPC 420,1454,1,0.2380046343689952,Low,Rejected,Middle
167,Cyber,Cyber Crimes Act,3268,1,0.6689777782962806,Low,Granted,Lower
168,White-collar,IPC 420,1059,1,0.2142368073704386,nit,Rejected,Upper
169,Economic,IPC 307,1395,0,0.132311848725025,High,Granted,Lower
170,Cyber,IPC 420,1146,0,0.935514240580671,Moderate,Granted,Upper
171,Economic,Economic Offences Act,3606,0,0.5710430933252845,Moderate,Rejected,Lower
172,Non-violent,IPC 307,2442,1,0.4726710263117941,High,Granted,Middle
173,Cyber,IPC 302,2873,1,0.7846194242907534,Low,Granted,Upper
174,Cyber,Narcotic Drugs Act,3605,1,0.8074969977666434,nit,Granted,Upper
175,Violent,Cyber Crimes Act,1132,1,0.1904099143618777,Low,Rejected,Middle
176,Non-violent,IPC 302,2277,1,0.0969308142288233,Moderate,Rejected,Upper
177,Cyber,Narcotic Drugs Act,42,0,0.4310511824063775,Moderate,Rejected,Lower
178,Drug-related,Narcotic Drugs Act,2117,0,0.4235786230199208,Low,Granted,Middle
179,Economic,IPC 307,783,1,0.467024668036675,Moderate,Rejected,Upper
180,Drug-related,Economic Offences Act,351,0,0.7290758494598506,nit,Granted,Lower
181,Economic,IPC 420,989,1,0.6733645472933015,Moderate,Granted,Upper
182,White-collar,IPC 420,2950,1,0.984165211365966,nit,Granted,Middle
183,Economic,Cyber Crimes Act,1665,1,0.0984178711519588,Low,Granted,Lower
184,Violent,Economic Offences Act,2002,0,0.4026212821022688,Low,Granted,Lower
185,White-collar,Cyber Crimes Act,2275,0,0.3393026053949631,nit,Rejected,Lower
186,Cyber,Economic Offences Act,3106,0,0.8616725363527911,nit,Rejected,Middle
187,Economic,IPC 307,985,1,0.2486563339202856,nit,Granted,Lower
188,Violent,IPC 307,2829,0,0.1902089084408115,Moderate,Granted,Lower
189,Drug-related,IPC 302,1951,0,0.4486135478331319,Low,Rejected,Middle
190,White-collar,IPC 307,2646,0,0.4218816398344042,Moderate,Rejected,Upper
191,White-collar,IPC 420,2916,1,0.2785451446669404,Moderate,Granted,Upper
192,Violent,IPC 307,2011,0,0.2498064478821005,nit,Granted,Upper
193,Drug-related,IPC 307,1836,0,0.9232655992760128,Moderate,Granted,Upper
194,White-collar,Narcotic Drugs Act,3248,1,0.4431307450534569,High,Granted,Upper
195,Cyber,IPC 307,71,0,0.8613491047618306,High,Granted,Middle
196,Economic,Economic Offences Act,382,1,0.5503253124498481,High,Rejected,Upper
197,Non-violent,Economic Offences Act,1206,1,0.0505883295248812,High,Rejected,Middle
198,Drug-related,Cyber Crimes Act,908,0,0.9992824684127266,High,Rejected,Middle
199,Economic,IPC 302,1657,1,0.8360275850799519,nit,Rejected,Lower
200,Non-violent,IPC 307,2834,0,0.9689962572847513,Moderate,Granted,Lower
201,White-collar,Economic Offences Act,997,1,0.9263669830081276,Moderate,Granted,Lower
202,Non-violent,Cyber Crimes Act,1255,0,0.8486957344143055,High,Rejected,Middle
203,Drug-related,IPC 376,2720,1,0.166311110603914,Moderate,Granted,Upper
204,Economic,IPC 376,2383,0,0.4856411254507184,High,Granted,Upper
205,White-collar,Economic Offences Act,1512,0,0.2137472991991816,Moderate,Rejected,Middle
206,White-collar,Narcotic Drugs Act,1939,0,0.4010402925494526,nit,Granted,Lower
207,White-collar,Economic Offences Act,2268,0,0.0586353999721789,Low,Rejected,Lower
208,White-collar,Narcotic Drugs Act,2175,1,0.3789731189769161,High,Granted,Middle
209,Non-violent,IPC 376,1409,0,0.985308843779726,nit,Granted,Lower
210,White-collar,Cyber Crimes Act,1743,0,0.2652030581721519,nit,Rejected,Middle
211,Violent,Narcotic Drugs Act,3056,0,0.7840706019485694,High,Rejected,Lower
212,White-collar,Cyber Crimes Act,2255,0,0.4550083673391433,High,Granted,Middle
213,White-collar,Cyber Crimes Act,1355,1,0.4230074859901629,nit,Granted,Upper
214,Violent,Narcotic Drugs Act,1442,0,0.9573176408596732,High,Rejected,Upper
215,Economic,IPC 420,2879,1,0.9954226894927138,High,Rejected,Upper
216,Cyber,Economic Offences Act,1859,0,0.5557683234056182,Low,Granted,Middle
217,Violent,Cyber Crimes Act,1110,1,0.718408275296326,Low,Granted,Lower
218,Drug-related,IPC 420,1256,1,0.1547968252740641,High,Rejected,Lower
219,Economic,IPC 307,1030,1,0.2967078254945642,nit,Granted,Lower
220,White-collar,IPC 376,945,1,0.9687093649691588,Moderate,Granted,Lower
221,Non-violent,IPC 302,495,0,0.5791802908162562,High,Rejected,Lower
222,Violent,IPC 376,2955,1,0.5421952013742742,High,Rejected,Upper
223,Economic,IPC 376,789,1,0.7479755603790641,Moderate,Granted,Middle
224,Economic,Cyber Crimes Act,1293,1,0.057165272907483,Moderate,Rejected,Lower
225,White-collar,IPC 420,490,0,0.5841775944589712,Moderate,Rejected,Middle
226,Cyber,Economic Offences Act,3043,0,0.5028503829195136,Low,Rejected,Lower
227,Non-violent,IPC 420,2195,0,0.8527198920482854,Low,Granted,Middle
228,Non-violent,Narcotic Drugs Act,3122,1,0.1574327279394832,Low,Rejected,Middle
229,Non-violent,IPC 302,2827,1,0.9607789032744504,nit,Granted,Middle
230,Drug-related,IPC 420,759,1,0.0801114652405868,High,Granted,Middle
231,Economic,Narcotic Drugs Act,785,1,0.1858249609807232,Low,Granted,Upper
232,Drug-related,IPC 302,887,0,0.5950351064500277,nit,Granted,Middle
233,Drug-related,IPC 420,3026,1,0.6752125536040902,nit,Rejected,Lower
234,Economic,IPC 376,1984,0,0.2352038950009312,Moderate,Granted,Upper
235,Non-violent,IPC 376,1133,1,0.1198866139471241,Moderate,Granted,Upper
236,Economic,IPC 302,2968,1,0.8902873141294375,Low,Granted,Middle
237,Cyber,IPC 302,2415,1,0.2462153477886248,High,Rejected,Lower
238,Economic,IPC 420,3114,1,0.5945191535334412,High,Rejected,Middle
239,White-collar,Economic Offences Act,2149,0,0.6193815103321031,High,Rejected,Middle
240,Economic,IPC 420,2445,1,0.4192249153358725,nit,Rejected,Middle
241,Violent,IPC 302,1160,0,0.5836722892912247,nit,Rejected,Lower
242,Cyber,Cyber Crimes Act,412,1,0.5227827155319589,nit,Granted,Middle
243,Violent,Economic Offences Act,3411,0,0.9347062577364272,nit,Granted,Lower
244,Non-violent,Economic Offences Act,796,1,0.2042591994235364,High,Rejected,Middle
245,Non-violent,IPC 302,1214,0,0.7161918007894148,High,Granted,Middle
246,White-collar,Narcotic Drugs Act,932,1,0.238685952615846,Moderate,Rejected,Middle
247,White-collar,Narcotic Drugs Act,1479,1,0.3957858467912545,High,Granted,Middle
248,White-collar,Narcotic Drugs Act,735,0,0.6716902229599713,nit,Granted,Lower
249,Cyber,IPC 376,1239,0,0.2999970797987622,nit,Granted,Middle
250,Drug-related,IPC 376,58,0,0.316177196271854,Low,Rejected,Upper
251,Economic,Narcotic Drugs Act,2901,0,0.7518644924144021,High,Rejected,Lower
252,Violent,Narcotic Drugs Act,2188,1,0.0725431144931573,High,Granted,Lower
253,Cyber,Economic Offences Act,519,1,0.4582855226185861,Moderate,Rejected,Upper
254,Violent,Cyber Crimes Act,1124,1,0.9984544408544423,Moderate,Rejected,Upper
255,Economic,IPC 302,187,0,0.9960964478550944,nit,Granted,Lower
256,Drug-related,IPC 376,224,0,0.073260721099633,Low,Granted,Lower
257,Violent,Economic Offences Act,2267,1,0.2131543122670404,High,Granted,Upper
258,Cyber,Narcotic Drugs Act,1197,1,0.2652004147504013,High,Granted,Middle
259,Economic,Cyber Crimes Act,2857,0,0.9332593779937092,Low,Rejected,Upper
260,White-collar,IPC 307,518,0,0.8808641736864395,High,Granted,Middle
261,White-collar,IPC 420,2613,1,0.8792702424845428,Moderate,Rejected,Upper
262,White-collar,Narcotic Drugs Act,3558,1,0.3695270887388839,Low,Granted,Lower
263,Economic,IPC 376,3084,1,0.1577468323572319,High,Rejected,Upper
264,Drug-related,Narcotic Drugs Act,2011,1,0.833744954639807,Moderate,Granted,Lower
265,Cyber,IPC 307,421,1,0.703539925087371,Moderate,Granted,Middle
266,White-collar,IPC 302,3575,0,0.6116777657259501,nit,Granted,Upper
267,Economic,IPC 376,51,0,0.9872330636315044,High,Granted,Middle
268,Violent,IPC 302,2352,1,0.6539763177107326,Low,Granted,Upper
269,White-collar,Economic Offences Act,1165,1,0.0078231071521579,Moderate,Granted,Upper
270,Non-violent,Economic Offences Act,1923,0,0.8171041351154616,Moderate,Rejected,Middle
271,Cyber,IPC 420,1961,0,0.2993787521999779,nit,Rejected,Upper
272,Violent,Cyber Crimes Act,1805,1,0.6633887149660773,Low,Rejected,Lower
273,Drug-related,IPC 302,1396,0,0.938930003927104,nit,Granted,Middle
274,Drug-related,Narcotic Drugs Act,756,0,0.1342911143933677,Moderate,Rejected,Middle
275,Economic,Cyber Crimes Act,211,1,0.1154286704191022,High,Granted,Lower
276,Drug-related,IPC 307,1035,1,0.1070359777094176,Low,Rejected,Middle
277,Non-violent,IPC 302,3530,1,0.5532236408848159,High,Granted,Upper
278,White-collar,IPC 307,1957,1,0.2723482123148163,High,Granted,Lower
279,Violent,Cyber Crimes Act,468,0,0.6048298270302239,nit,Rejected,Upper
280,White-collar,IPC 376,3368,0,0.7176121871387979,Moderate,Rejected,Upper
281,Cyber,IPC 376,268,1,0.2035973123274529,High,Rejected,Upper
282,White-collar,Narcotic Drugs Act,1642,0,0.6342379588850797,Low,Granted,Upper
283,Economic,Narcotic Drugs Act,2015,1,0.2639839016304094,nit,Rejected,Upper
284,White-collar,Narcotic Drugs Act,304,1,0.4885318521493765,Low,Granted,Upper
285,Cyber,IPC 307,2364,1,0.9053364910793232,High,Rejected,Lower
286,Violent,IPC 420,2579,1,0.8461037132948555,Low,Rejected,Lower
287,Non-violent,IPC 420,2812,0,0.0922984677127334,nit,Rejected,Middle
288,Violent,IPC 420,220,1,0.4235757725637263,nit,Granted,Lower
289,Violent,IPC 376,622,0,0.2766802239722516,Moderate,Rejected,Lower
290,Economic,IPC 376,612,0,0.0035456890877823,Low,Granted,Lower
291,Cyber,Economic Offences Act,3323,1,0.7711192230196271,nit,Rejected,Lower
292,Violent,IPC 420,2306,1,0.6371133773013796,nit,Granted,Lower
293,Violent,Cyber Crimes Act,1245,0,0.2619552624343482,Moderate,Rejected,Lower
294,Non-violent,Narcotic Drugs Act,349,1,0.7412309083479308,nit,Granted,Middle
295,Drug-related,IPC 302,1017,1,0.5516804211263913,High,Granted,Lower
296,Non-violent,Economic Offences Act,486,1,0.4276869189806793,Low,Granted,Upper
297,Cyber,Cyber Crimes Act,2286,0,0.0096696996083399,Moderate,Granted,Middle
298,Cyber,Cyber Crimes Act,3132,0,0.075243860073767,High,Granted,Lower
299,Economic,IPC 420,1705,0,0.883106393300143,High,Granted,Upper
300,White-collar,IPC 302,2484,1,0.9039285715598931,Low,Granted,Lower
301,White-collar,IPC 420,2442,1,0.5455902892055223,Moderate,Granted,Upper
302,White-collar,IPC 302,3239,1,0.8345950198860167,nit,Rejected,Middle
303,Drug-related,Narcotic Drugs Act,2534,1,0.582509566489794,Moderate,Rejected,Middle
304,Cyber,Cyber Crimes Act,925,0,0.1480937855674826,nit,Rejected,Upper
305,Drug-related,IPC 376,3178,0,0.1274455192821387,Low,Granted,Lower
306,White-collar,IPC 420,2141,1,0.3082583499301337,Low,Granted,Lower
307,White-collar,IPC 420,1559,0,0.89898148874259,High,Granted,Middle
308,Non-violent,Cyber Crimes Act,1846,0,0.7961223048880417,High,Rejected,Upper
309,Cyber,Economic Offences Act,1814,0,0.8607025820009028,High,Granted,Middle
310,White-collar,Cyber Crimes Act,1218,0,0.8989246365264746,Low,Rejected,Upper
311,Violent,Narcotic Drugs Act,3524,1,0.210076538339754,nit,Granted,Middle
312,Cyber,Economic Offences Act,2411,1,0.2495297392229244,Low,Rejected,Middle
313,Drug-related,IPC 307,1757,1,0.1027936216717856,Low,Rejected,Upper
314,Cyber,IPC 420,1251,0,0.7801162418714427,High,Rejected,Middle
315,Economic,IPC 302,2330,0,0.8841347014510089,Moderate,Granted,Lower
316,Violent,Narcotic Drugs Act,2544,1,0.4063773898321168,High,Rejected,Upper
317,White-collar,Cyber Crimes Act,247,1,0.6206615101507128,Moderate,Granted,Upper
318,Economic,IPC 307,2498,0,0.1545533383322046,nit,Granted,Upper
319,Non-violent,IPC 420,3032,1,0.9298810156936744,nit,Granted,Upper
320,Cyber,IPC 420,407,1,0.864605696219964,nit,Granted,Middle
321,Cyber,Cyber Crimes Act,3125,1,0.9762060329309628,High,Granted,Lower
322,Non-violent,Cyber Crimes Act,852,1,0.8107717199403969,High,Rejected,Middle
323,Economic,Cyber Crimes Act,2563,1,0.8814162046633244,High,Granted,Lower
324,Violent,IPC 376,865,1,0.0247863618981887,Low,Rejected,Lower
325,White-collar,IPC 307,1084,0,0.7365644717550821,High,Rejected,Upper
326,Economic,Narcotic Drugs Act,2706,1,0.3321854679464286,Low,Rejected,Upper
327,Drug-related,Cyber Crimes Act,333,1,0.9308158860483255,nit,Rejected,Upper
328,White-collar,IPC 302,644,0,0.8022351389371389,High,Granted,Lower
329,Economic,IPC 420,983,1,0.8640640283752794,Low,Rejected,Lower
330,Violent,Narcotic Drugs Act,712,1,0.810749316574389,nit,Granted,Upper
331,Cyber,IPC 376,2261,0,0.266805709594472,nit,Rejected,Lower
332,Economic,Cyber Crimes Act,308,1,0.7873745091354711,High,Granted,Middle
333,Non-violent,Economic Offences Act,642,1,0.1080956264029571,Moderate,Rejected,Upper
334,Violent,IPC 420,11,0,0.8721667829060897,Moderate,Rejected,Middle
335,Cyber,Economic Offences Act,1674,0,0.8585932513377816,nit,Granted,Middle
336,Violent,IPC 307,1846,1,0.2224337175456644,Moderate,Rejected,Middle
337,White-collar,Cyber Crimes Act,2824,0,0.816586605596929,Moderate,Rejected,Middle
338,Non-violent,Cyber Crimes Act,2433,1,0.4603032346789421,Low,Rejected,Upper
339,White-collar,Economic Offences Act,1925,0,0.3051908673386005,Low,Granted,Middle
340,White-collar,Cyber Crimes Act,1193,0,0.7953454991528618,Low,Granted,Upper
341,Drug-related,Cyber Crimes Act,134,0,0.2275954874077703,nit,Granted,Upper
342,Violent,Narcotic Drugs Act,949,0,0.0236644347014515,Moderate,Granted,Middle
343,Violent,IPC 302,1181,0,0.1931297883277086,High,Rejected,Lower
344,Economic,Cyber Crimes Act,2896,0,0.3282619511977065,Moderate,Granted,Lower
345,Non-violent,Cyber Crimes Act,1159,1,0.8643529420302863,nit,Granted,Middle
346,Non-violent,IPC 376,2880,1,0.9668891040483611,Low,Rejected,Middle
347,Drug-related,Narcotic Drugs Act,3521,1,0.2791249927218714,nit,Granted,Lower
348,Non-violent,IPC 420,1860,0,0.6414817386076277,Low,Rejected,Upper
349,Violent,IPC 302,292,1,0.3996783843600608,nit,Granted,Upper
350,Drug-related,IPC 420,2816,0,0.98114968719826,High,Rejected,Upper
351,Non-violent,IPC 420,957,1,0.5362157324787219,Low,Rejected,Upper
352,Drug-related,IPC 307,1084,1,0.9392371403247156,Low,Granted,Middle
353,Non-violent,IPC 307,3227,0,0.1153417518514275,Moderate,Granted,Lower
354,Non-violent,IPC 420,3241,0,0.970400611022228,nit,Granted,Middle
355,Economic,Economic Offences Act,2561,0,0.1785678161724636,Moderate,Rejected,Middle
356,Non-violent,IPC 376,2416,1,0.9625343157615556,nit,Rejected,Upper
357,Drug-related,IPC 307,2709,1,0.2654663625229686,High,Granted,Lower
358,Violent,IPC 307,3293,1,0.1084025472147111,Moderate,Granted,Lower
359,Economic,IPC 307,811,1,0.4345637585646443,Low,Rejected,Upper
360,Non-violent,IPC 307,1742,0,0.7285450606527043,High,Granted,Middle
361,Non-violent,IPC 302,471,1,0.3136773141949912,nit,Granted,Middle
362,Drug-related,IPC 420,2231,1,0.6062088533061433,Low,Granted,Middle
363,Economic,Economic Offences Act,921,1,0.5114230596694781,nit,Rejected,Lower
364,Non-violent,Economic Offences Act,2653,1,0.3851954333447271,Low,Rejected,Middle
365,Violent,IPC 302,611,1,0.5765880434965995,nit,Rejected,Middle
366,White-collar,Narcotic Drugs Act,1089,0,0.2547225061385819,Low,Granted,Middle
367,Violent,Economic Offences Act,3386,0,0.7087852838341706,nit,Granted,Middle
368,Non-violent,Narcotic Drugs Act,583,1,0.0016912782186294,Moderate,Granted,Middle
369,Violent,Economic Offences Act,293,1,0.9255751654990828,Low,Rejected,Upper
370,Economic,Cyber Crimes Act,245,0,0.5384519970927919,Low,Granted,Upper
371,Non-violent,Narcotic Drugs Act,680,1,0.7194299991448455,Moderate,Granted,Lower
372,Drug-related,IPC 302,3247,1,0.7419500778394765,nit,Rejected,Lower
373,Economic,Cyber Crimes Act,1260,0,0.6706285044329995,Low,Granted,Lower
374,Violent,IPC 420,2438,1,0.3642214717812642,Moderate,Granted,Middle
375,Non-violent,Economic Offences Act,3068,1,0.0699738111263101,nit,Rejected,Upper
376,Economic,Narcotic Drugs Act,3377,1,0.6642376849112723,Low,Rejected,Middle
377,Violent,IPC 307,2332,1,0.3302000360425964,Low,Rejected,Middle
378,Non-violent,Narcotic Drugs Act,1183,1,0.3139156450583596,nit,Rejected,Middle
379,White-collar,IPC 376,1799,1,0.8480152795063355,Moderate,Rejected,Upper
380,Cyber,IPC 307,510,0,0.7197542630139502,Low,Rejected,Middle
381,Drug-related,IPC 307,1920,1,0.3003222682112642,nit,Rejected,Upper
382,Violent,IPC 307,2821,1,0.3092846622086532,Low,Rejected,Upper
383,White-collar,Economic Offences Act,1246,1,0.4083929086192168,nit,Granted,Lower
384,Violent,Cyber Crimes Act,2867,0,0.4024003870577246,Low,Granted,Lower
385,Cyber,Economic Offences Act,1649,1,0.295655202525947,High,Granted,Middle
386,Cyber,Narcotic Drugs Act,1116,0,0.1272877990591532,Moderate,Granted,Lower
387,Economic,Economic Offences Act,2050,1,0.4204463337729083,Moderate,Granted,Middle
388,Drug-related,IPC 307,2212,0,0.940363670730183,High,Granted,Upper
389,Drug-related,Cyber Crimes Act,2023,1,0.6773179452727329,nit,Granted,Middle
390,Violent,IPC 376,1794,1,0.9028055457325826,Moderate,Granted,Upper
391,Cyber,IPC 302,330,1,0.6155149159513805,nit,Rejected,Middle
392,Drug-related,IPC 376,2450,1,0.3009498745655653,Low,Rejected,Lower
393,Non-violent,IPC 420,164,0,0.5479372131356982,High,Rejected,Upper
394,Drug-related,Cyber Crimes Act,3644,0,0.0004059396972875,nit,Rejected,Lower
395,Violent,Cyber Crimes Act,1770,1,0.2869137168689272,nit,Granted,Lower
396,White-collar,IPC 307,3009,1,0.4298881499898346,Moderate,Rejected,Middle
397,White-collar,IPC 376,1321,0,0.579984781195682,Low,Granted,Upper
398,Drug-related,Narcotic Drugs Act,2473,0,0.6547056237030716,Moderate,Rejected,Upper
399,Economic,IPC 420,1026,0,0.4649881902470142,Low,Rejected,Middle
400,Cyber,Economic Offences Act,106,0,0.4421597993048074,Moderate,Rejected,Lower
401,White-collar,Cyber Crimes Act,375,0,0.2137014009891003,nit,Rejected,Upper
402,Violent,Economic Offences Act,938,0,0.4731861859093262,nit,Granted,Upper
403,Violent,IPC 376,2762,0,0.9011808258282542,High,Granted,Lower
404,Cyber,IPC 307,3425,0,0.7960247601267803,nit,Granted,Lower
405,Cyber,Narcotic Drugs Act,3525,0,0.1696913961980547,nit,Rejected,Lower
406,Cyber,IPC 307,2357,1,0.0847955367251217,nit,Granted,Lower
407,White-collar,IPC 420,2405,1,0.5154520099152164,nit,Granted,Lower
408,Violent,Economic Offences Act,85,1,0.6329408557657957,High,Rejected,Lower
409,Cyber,Economic Offences Act,3133,0,0.3351882554098009,Low,Granted,Lower
410,White-collar,IPC 376,2754,0,0.8184234645366643,High,Granted,Middle
411,Cyber,Economic Offences Act,3365,0,0.7511381375407322,High,Granted,Lower
412,Violent,IPC 307,1104,0,0.672795670557167,Moderate,Rejected,Middle
413,Violent,IPC 420,2361,1,0.2246406659972882,Low,Rejected,Upper
414,Economic,Cyber Crimes Act,165,1,0.1991299327265766,Moderate,Granted,Lower
415,Drug-related,Narcotic Drugs Act,3126,1,0.0244253877268263,High,Rejected,Middle
416,Non-violent,IPC 376,3098,0,0.2448425440783501,nit,Rejected,Middle
417,Violent,IPC 376,718,1,0.4751363442188051,Low,Granted,Middle
418,Non-violent,Economic Offences Act,1928,1,0.8497376946247319,nit,Granted,Upper
419,Economic,IPC 420,2126,1,0.0728282291845691,High,Rejected,Middle
420,Drug-related,Economic Offences Act,2669,0,0.4144410109977193,High,Rejected,Upper
421,White-collar,IPC 376,1812,0,0.6297653807377137,High,Granted,Lower
422,Drug-related,Narcotic Drugs Act,1140,0,0.1944352367397093,Low,Granted,Upper
423,Drug-related,Narcotic Drugs Act,744,0,0.6963542504905049,Moderate,Rejected,Lower
424,White-collar,IPC 376,2398,0,0.4943771690104369,Moderate,Granted,Lower
425,Economic,IPC 307,1786,1,0.2439844395784388,nit,Granted,Middle
426,Cyber,Economic Offences Act,2601,0,0.6560580111117841,Low,Granted,Middle
427,Drug-related,IPC 307,3336,0,0.0055448181380317,nit,Granted,Upper
428,Drug-related,Economic Offences Act,2015,1,0.7509644766184729,nit,Granted,Middle
429,Economic,Narcotic Drugs Act,374,1,0.7700461885740251,Moderate,Granted,Lower
430,Cyber,IPC 307,1926,0,0.1065872965635389,Low,Granted,Middle
431,Drug-related,Economic Offences Act,1426,1,0.4251461939427341,High,Granted,Upper
432,Drug-related,IPC 420,1673,0,0.1758866817065316,nit,Rejected,Upper
433,Cyber,IPC 302,1366,0,0.9579660422795396,High,Rejected,Middle
434,Violent,Cyber Crimes Act,1316,1,0.5179577504437408,Low,Granted,Middle
435,White-collar,IPC 376,2745,0,0.0502183851406409,nit,Rejected,Lower
436,Violent,Economic Offences Act,429,1,0.2491982796599716,High,Granted,Middle
437,White-collar,IPC 420,3514,1,0.8483363473516597,High,Granted,Upper
438,White-collar,Narcotic Drugs Act,659,1,0.4564618254701725,Moderate,Granted,Upper
439,Drug-related,IPC 302,1351,1,0.8014166017222645,Low,Granted,Lower
440,White-collar,Cyber Crimes Act,1687,0,0.6675777325863531,Low,Rejected,Middle
441,Non-violent,Economic Offences Act,2842,1,0.987892453066448,Low,Granted,Lower
442,Cyber,Narcotic Drugs Act,2030,1,0.5954523184694197,nit,Granted,Middle
443,Cyber,Economic Offences Act,1181,0,0.950039608443156,Moderate,Rejected,Lower
444,Non-violent,IPC 302,2714,0,0.891425925810437,nit,Granted,Lower
445,Cyber,IPC 420,1641,1,0.6126523227617628,Low,Granted,Upper
446,Economic,IPC 302,3333,0,0.7192739612759671,nit,Rejected,Lower
447,Cyber,Economic Offences Act,3116,1,0.504778164824402,High,Granted,Lower
448,Cyber,IPC 307,2254,1,0.830569169721415,nit,Granted,Upper
449,Cyber,IPC 420,151,0,0.5478719506108284,nit,Rejected,Lower
450,White-collar,IPC 376,1863,0,0.8972081032332622,Low,Rejected,Upper
451,Violent,Narcotic Drugs Act,361,1,0.7436554421595849,High,Rejected,Lower
452,Economic,IPC 307,1289,1,0.4746744368230533,Low,Granted,Middle
453,Cyber,Economic Offences Act,1034,0,0.2591915484650193,High,Rejected,Upper
454,Economic,IPC 376,1325,0,0.2472397375096595,High,Rejected,Middle
455,White-collar,IPC 302,475,1,0.6376614367761563,High,Granted,Upper
456,Economic,IPC 307,3165,1,0.7658136842971655,Low,Rejected,Lower
457,Economic,Economic Offences Act,1656,1,0.5212998128279821,High,Granted,Upper
458,Non-violent,IPC 376,3543,0,0.6267484369817813,Moderate,Granted,Lower
459,White-collar,IPC 420,2108,1,0.2745974469175383,Moderate,Rejected,Middle
460,Cyber,IPC 302,3379,0,0.0774833538647358,Moderate,Rejected,Lower
461,Violent,IPC 376,5,0,0.2857281508631525,Moderate,Rejected,Upper
462,Violent,IPC 302,2694,0,0.2717151070821846,Low,Granted,Lower
463,Violent,IPC 376,3561,1,0.3197095684187623,nit,Granted,Upper
464,Violent,Narcotic Drugs Act,2223,1,0.5401522225184564,nit,Granted,Lower
465,Cyber,IPC 420,1893,0,0.1383740615161557,Moderate,Rejected,Lower
466,Violent,IPC 307,1693,0,0.2312614797281867,nit,Rejected,Middle
467,White-collar,IPC 376,223,1,0.6939498122990523,Moderate,Rejected,Upper
468,White-collar,IPC 302,769,1,0.7064191416945522,Moderate,Rejected,Middle
469,Economic,IPC 420,2124,0,0.064228850713878,nit,Granted,Upper
470,Non-violent,IPC 307,1482,1,0.4075993696665867,nit,Granted,Upper
471,Drug-related,IPC 302,2551,1,0.5426111405039153,High,Rejected,Upper
472,Violent,IPC 420,3099,1,0.4157742341031559,Moderate,Rejected,Middle
473,Drug-related,IPC 302,2042,1,0.2068343895144102,nit,Granted,Middle
474,Drug-related,Economic Offences Act,2562,0,0.4201435177734256,nit,Rejected,Middle
475,Drug-related,Cyber Crimes Act,1811,1,0.9048384783401768,nit,Granted,Middle
476,Economic,Cyber Crimes Act,3113,1,0.5840794142042252,High,Granted,Middle
477,White-collar,IPC 420,212,0,0.6955229864979681,Moderate,Granted,Middle
478,Violent,Economic Offences Act,834,0,0.8567320323039342,Moderate,Rejected,Lower
479,Cyber,IPC 307,1094,0,0.7655945761180695,Low,Rejected,Middle
480,Economic,IPC 307,2250,1,0.3803810289277116,High,Rejected,Middle
481,White-collar,IPC 302,537,1,0.005896083583993,High,Rejected,Upper
482,Cyber,IPC 420,1180,0,0.3517588026718247,Moderate,Rejected,Upper
483,White-collar,Economic Offences Act,1795,1,0.7534751250593859,Low,Rejected,Upper
484,Violent,IPC 376,3608,1,0.8534479505691046,Low,Rejected,Middle
485,Economic,Cyber Crimes Act,2861,0,0.9534303384701064,Moderate,Rejected,Upper
486,Drug-related,Economic Offences Act,1986,1,0.4190212826298218,nit,Granted,Lower
487,Economic,IPC 307,498,1,0.7475156689780508,High,Granted,Lower
488,Economic,Economic Offences Act,119,0,0.5461323097338391,Low,Rejected,Upper
489,Violent,Cyber Crimes Act,2581,0,0.6032525889412413,nit,Granted,Upper
490,Drug-related,IPC 376,2494,0,0.2205386943238189,Low,Granted,Middle
491,Drug-related,IPC 376,3274,1,0.2194216346214361,nit,Rejected,Upper
492,Non-violent,Narcotic Drugs Act,981,0,0.4358359760466366,nit,Granted,Upper
493,Non-violent,IPC 302,2908,1,0.0290248199467152,High,Rejected,Upper
494,White-collar,IPC 302,649,1,0.3361295436983824,Low,Rejected,Upper
495,Cyber,IPC 302,1273,1,0.6791418850283497,Low,Granted,Middle
496,Non-violent,IPC 420,2257,1,0.4043166691376371,nit,Granted,Middle
497,Violent,IPC 307,57,0,0.1650447312035088,Moderate,Granted,Upper
498,Economic,Economic Offences Act,2263,0,0.4673901492323101,Low,Granted,Lower
499,Drug-related,IPC 307,1672,0,0.1276277972811607,High,Granted,Middle
